{"cameraMode":{"drawMode":0,"name":"Shaded","section":"Shading Mode"},"sceneLighting":true,"audioPlay":false,"sceneViewState":{"m_AlwaysRefresh":true,"showFog":true,"showSkybox":true,"showFlares":true,"showImageEffects":true,"showParticleSystems":true,"showVisualEffectGraphs":true,"m_FxEnabled":true},"in2DMode":false,"pivot":{"x":0.6543779373168945,"y":-0.21665644645690919,"z":-0.4379396438598633},"rotation":{"x":-0.08053059130907059,"y":0.9150658249855042,"z":-0.2286020815372467,"w":-0.3223536014556885},"size":4.0597333908081059,"orthographic":false}